{
  "checkpoint": "/home/dylan/phantasm-eval/corpus-diversity-500/runs/juw_d500_v1/juniward_d500_best.pt",
  "update3_number": 0.899,
  "eval_198": {
    "cover": {
      "n": 198,
      "mean": 0.07714712542200677,
      "median": 0.04009144753217697,
      "det": 0,
      "det_rate": 0.0
    },
    "uniform": {
      "n": 198,
      "mean": 0.6646554026455077,
      "median": 0.8603078126907349,
      "det": 135,
      "det_rate": 0.6818181818181818
    },
    "uerd": {
      "n": 198,
      "mean": 0.6549065840016637,
      "median": 0.737403005361557,
      "det": 144,
      "det_rate": 0.7272727272727273
    },
    "juniward": {
      "n": 198,
      "mean": 0.9263497440501897,
      "median": 0.9797343611717224,
      "det": 193,
      "det_rate": 0.9747474747474747
    }
  },
  "d500_heldout": {
    "cover": {
      "n": 68,
      "mean": 0.07021440939142314,
      "median": 0.049207672476768494,
      "det": 0,
      "det_rate": 0.0
    },
    "juniward_p0": {
      "n": 68,
      "mean": 0.9413433973403538,
      "median": 0.9922939240932465,
      "det": 66,
      "det_rate": 0.9705882352941176
    },
    "juniward_p1": {
      "n": 68,
      "mean": 0.938720216645914,
      "median": 0.9915902614593506,
      "det": 64,
      "det_rate": 0.9411764705882353
    },
    "juniward_p2": {
      "n": 68,
      "mean": 0.9466876957346412,
      "median": 0.9922491312026978,
      "det": 66,
      "det_rate": 0.9705882352941176
    },
    "juniward_p3": {
      "n": 68,
      "mean": 0.9608968452495688,
      "median": 0.9925780594348907,
      "det": 68,
      "det_rate": 1.0
    },
    "juniward_p4": {
      "n": 68,
      "mean": 0.9386674161343014,
      "median": 0.9935097396373749,
      "det": 65,
      "det_rate": 0.9558823529411765
    },
    "juniward_all5": {
      "n": 340,
      "mean": 0.9452631142209558,
      "median": 0.9926129877567291,
      "det": 329,
      "det_rate": 0.9676470588235294
    }
  },
  "u3_198_heldout": {
    "cover": {
      "n": 27,
      "mean": 0.07921623736102548,
      "median": 0.05108492448925972,
      "det": 0,
      "det_rate": 0.0
    },
    "juniward_p0": {
      "n": 27,
      "mean": 0.9474214072580691,
      "median": 0.9725375175476074,
      "det": 27,
      "det_rate": 1.0
    },
    "juniward_p1": {
      "n": 27,
      "mean": 0.9465127322408888,
      "median": 0.9661485552787781,
      "det": 27,
      "det_rate": 1.0
    },
    "juniward_p2": {
      "n": 27,
      "mean": 0.9086100768159937,
      "median": 0.9570918679237366,
      "det": 26,
      "det_rate": 0.9629629629629629
    },
    "juniward_p3": {
      "n": 27,
      "mean": 0.9422376773975514,
      "median": 0.9744837880134583,
      "det": 27,
      "det_rate": 1.0
    },
    "juniward_p4": {
      "n": 27,
      "mean": 0.9436900615692139,
      "median": 0.9485289454460144,
      "det": 27,
      "det_rate": 1.0
    },
    "juniward_all5": {
      "n": 135,
      "mean": 0.9376943910563433,
      "median": 0.9661485552787781,
      "det": 134,
      "det_rate": 0.9925925925925926
    }
  },
  "summary": {
    "update3_juw_multi_on_eval198": 0.899,
    "d500_model_on_eval198_juw": 0.9747474747474747,
    "d500_model_on_d500_heldout_juw": 0.9676470588235294,
    "d500_model_on_u3_198_heldout_juw": 0.9925925925925926,
    "delta_vs_update3_on_eval198": 0.07574747474747467,
    "delta_vs_update3_on_d500_heldout": 0.0686470588235294,
    "verdict": "corpus-robust"
  }
}